Residential property sales,,,,,,,,,,,,,,,,,,,,,,,,,,,,,,
ONS Crown Copyright Reserved [from Nomis on 8 April 2025],,,,,,,,,,,,,,,,,,,,,,,,,,,,,,
Count of sales:,Sales,,,,,,,,,,,,,,,,,,,,,,,,,,,,,
,,,,,,,,,,,,,,,,,,,,,,,,,,,,,,
row,Sep-96,Sep-97,Sep-98,Sep-99,Sep-00,Sep-01,Sep-02,Sep-03,Sep-04,Sep-05,Sep-06,Sep-07,Sep-08,Sep-09,Sep-10,Sep-11,Sep-12,Sep-13,Sep-14,Sep-15,Sep-16,Sep-17,Sep-18,Sep-19,Sep-20,Sep-21,Sep-22,Sep-23,Area,mnemonic
,,,,,,,,,,,,,,,,,,,,,,,,,,,,,,
1,850013,1047268,1016037,1084672,1130983,1133620,1271168,1153345,1264229,976245,1203858,1279204,778905,516601,664802,620124,640511,698594,877425,854379,903005,852771,829715,803012,669410,1081660,787290,573646,country:England,E92000001
2,35342,41140,42004,42843,47377,50652,58936,59345,62538,48810,57792,63552,39316,22379,26412,26251,26294,28306,34825,35465,37559,38233,38460,37804,31880,48753,40084,29480,gor:North East,E12000001
3,101839,119092,120366,126127,139255,140811,164994,164201,175974,133307,155751,168111,102710,60167,74182,70665,70494,78060,100085,103093,113178,113337,112525,111024,91817,138590,106896,77345,gor:North West,E12000002
4,75741,89659,87260,93712,102683,107147,124477,119441,126516,100091,119791,126761,78351,48888,58200,54268,56026,61790,78422,77567,83851,83395,83436,83080,67750,103808,79434,58580,gor:Yorkshire and The Humber,E12000003
5,71310,86512,84548,92227,99670,101078,114910,103115,110916,84167,103471,109964,67769,45809,57035,53493,54645,60277,77824,76098,83909,80158,79206,76901,62636,97528,73822,51250,gor:East Midlands,E12000004
6,79096,94530,91081,97849,105136,103854,119378,109385,118189,92820,111697,117442,73037,46471,57625,55091,57148,61893,79291,78720,87077,84806,84303,82510,66690,101486,76048,55403,gor:West Midlands,E12000005
7,104876,132027,126519,135839,138493,138454,150090,131561,146738,113341,141963,150829,90762,64439,84710,79112,81497,88572,111974,107389,112654,102695,98748,94988,79692,135767,95046,66355,gor:East,E12000006
8,122588,157769,151192,162391,163991,159354,175203,151546,169945,133340,165785,176383,105351,64210,95721,89718,94115,103379,122167,111668,109562,94678,87911,83921,72803,121782,86575,66164,gor:London,E12000007
9,162158,203265,193332,204526,204136,201927,224081,193288,218217,167794,214453,226472,137785,99636,129297,117839,123602,133782,167462,160625,165423,150962,144492,137469,117219,203055,139242,101395,gor:South East,E12000008
10,97063,123274,119735,129158,130242,130343,139099,121463,135196,102575,133155,139690,83824,64602,81620,73687,76690,82535,105375,103754,109792,104507,100634,95315,78923,130891,90143,67674,gor:South West,E12000009
11,38448,47436,45376,46519,54939,56772,66949,62842,63846,46368,56519,61649,38915,26241,31726,30453,30624,33736,42305,42103,45957,47166,47437,46670,35286,54311,46569,32991,gor:Wales,W92000004
12,1159,1390,1405,1440,1726,2140,2359,2488,2979,2123,2285,2290,1469,747,916,878,888,919,1113,1205,1273,1209,1304,1235,1050,1729,1490,1103,ladu2023:Hartlepool,E06000001
13,1776,1934,1948,2055,2280,2462,2826,3016,3339,2817,3139,3514,2188,1050,1333,1277,1305,1271,1556,1748,1822,1749,1819,1828,1528,2316,2035,1298,ladu2023:Middlesbrough,E06000002
14,1879,2000,1957,1986,2266,2582,3497,3390,3138,2406,2945,3376,1837,1195,1288,1420,1379,1418,1918,1773,1824,1947,2007,1967,1636,2539,2081,1667,ladu2023:Redcar and Cleveland,E06000003
15,2670,3331,3305,3291,3978,4168,5320,4610,4471,3293,4341,4901,3080,1928,2288,2231,2265,2390,2724,2685,2922,2959,3090,3066,2523,3826,3063,2186,ladu2023:Stockton-on-Tees,E06000004
16,1828,2178,2095,2179,2538,2770,3033,2926,3288,2287,2771,3033,1887,1009,1224,1099,1179,1294,1589,1705,1679,1642,1602,1616,1501,2435,1885,1339,ladu2023:Darlington,E06000005
17,7008,7890,8267,8134,8802,9579,11461,11793,12493,9819,11785,13578,8648,4597,5368,5281,5055,5542,6832,6933,7618,7816,7917,7789,6459,10009,8389,6272,ladu2023:County Durham,E06000047
18,4655,5568,5510,5686,6370,6705,7456,7317,7442,5393,6831,7586,4785,2808,3491,3436,3453,3677,4644,4756,5334,5459,5498,5378,4595,7061,5585,4014,ladu2023:Northumberland,E06000057
19,3606,4666,4606,4587,4884,5371,5983,5825,6071,5111,6070,5800,3615,2469,2698,2603,2568,2784,3579,3754,3885,3911,3676,3612,3206,4886,4029,2890,ladu2023:Newcastle upon Tyne,E08000021
20,3270,3895,4013,4307,4697,4714,4947,5193,5307,4235,5171,5503,3398,1837,2425,2435,2543,2812,3349,3479,3464,3615,3722,3495,2834,4160,3089,2605,ladu2023:North Tyneside,E08000022
21,1711,1902,1979,1859,2168,2241,2672,2690,2946,2302,2815,3260,2037,1087,1249,1291,1353,1404,1709,1814,1835,1813,1754,1818,1477,2235,1860,1361,ladu2023:South Tyneside,E08000023
22,3211,3613,3910,4204,4470,4478,5304,5680,6259,4964,5356,5724,3622,2055,2171,2408,2319,2539,3175,3105,3281,3455,3427,3489,2901,4351,3787,2644,ladu2023:Sunderland,E08000024
23,2569,2773,3009,3115,3198,3442,4078,4417,4805,4060,4283,4987,2750,1597,1961,1892,1987,2256,2637,2508,2622,2658,2644,2511,2170,3206,2791,2101,ladu2023:Gateshead,E08000037
24,1374,1299,1473,1712,2242,1919,2408,2677,2804,2284,2634,2629,1758,847,947,907,985,1179,1575,1462,1765,1839,1774,1659,1401,1800,1535,1146,ladu2023:Halton,E06000006
25,3434,4040,3882,3819,3897,3896,4497,4580,4754,3450,4637,5199,3290,1823,2187,2232,2189,2532,3306,3347,3482,3187,3041,3089,2695,4295,2960,2284,ladu2023:Warrington,E06000007
26,2429,2723,2569,2623,2689,3036,3408,3424,4014,3223,3460,3449,2042,1222,1517,1292,1170,1316,1539,1613,1693,1707,1827,1897,1590,2340,2020,1405,ladu2023:Blackburn with Darwen,E06000008
27,2512,3047,3217,3200,3606,3987,5026,4775,4966,3458,4090,4125,2492,1387,1461,1486,1365,1596,1914,1760,2034,2004,2080,2138,1726,2600,2608,1826,ladu2023:Blackpool,E06000009
28,6011,7812,7717,7812,9173,8916,10279,9417,9894,7553,8757,9469,5516,3725,4710,4671,4748,5278,6859,6928,7542,7534,7480,7695,6593,10481,7311,5310,ladu2023:Cheshire East,E06000049
29,5012,5800,5779,6539,7411,7028,8068,7586,7939,5601,7061,7326,4346,2808,3468,3592,3631,4135,5546,5750,6325,6383,6175,5976,4641,7714,5644,4172,ladu2023:Cheshire West and Chester,E06000050
30,4228,4500,4440,4799,5100,5450,6260,6291,6411,5162,6053,6536,4066,2668,3283,3226,3114,3376,4249,4363,4574,4463,4739,4598,3855,6255,4837,3467,ladu2023:Cumberland,E06000063
31,3836,4863,4899,5279,5438,5299,5879,5706,5783,4577,5227,5620,3630,2591,3169,2928,2898,3145,3744,3955,4092,4264,4055,4092,3329,5623,3975,2997,ladu2023:Westmorland and Furness,E06000064
32,1479,1292,1924,1660,1847,2296,2659,3370,3575,3450,3600,3388,1826,817,1039,931,938,916,1292,1298,1430,1551,1548,1406,1228,1801,1622,1161,ladu2023:Burnley,E07000117
33,1468,1957,2009,2092,2372,2400,2875,2668,2886,1937,2345,2512,1601,999,1468,1526,1407,1478,1815,2016,2132,2087,2121,2016,1705,2448,1819,1261,ladu2023:Chorley,E07000118
34,1330,1929,1783,1830,1994,2100,2404,2209,2340,1443,1929,2174,1371,948,1140,1006,952,1157,1472,1450,1729,1748,1617,1611,1334,2202,1694,1104,ladu2023:Fylde,E07000119
35,1468,1690,1549,1487,1673,1952,2164,2547,2669,2246,2501,2201,1397,737,852,882,820,909,1060,1057,1264,1211,1171,1244,1076,1485,1323,898,ladu2023:Hyndburn,E07000120
36,2207,2742,2633,2418,3333,3495,4232,3995,3978,2616,3279,3513,2164,1665,1865,1794,1783,1824,2387,2391,2383,2510,2420,2436,1852,2987,2219,1686,ladu2023:Lancaster,E07000121
37,1355,1288,1737,1826,1892,2154,2592,2519,3236,2689,2959,2951,1619,813,1022,992,980,1050,1291,1269,1538,1384,1468,1487,1248,1847,1486,1096,ladu2023:Pendle,E07000122
38,2219,2611,2507,2323,2689,2854,3533,3176,3474,2819,3166,3408,1949,1385,1595,1400,1381,1420,1658,1733,1862,2017,2011,2027,1725,2568,2248,1465,ladu2023:Preston,E07000123
39,976,1318,1208,1060,1216,1323,1537,1436,1464,1026,1252,1269,737,537,677,630,610,796,1007,983,1025,1215,1092,1146,1069,1657,1127,767,ladu2023:Ribble Valley,E07000124
40,732,907,1336,1271,1280,1405,1791,1598,2219,1447,1693,1788,1094,581,697,721,622,716,1075,1046,1235,1282,1201,1185,980,1431,1210,791,ladu2023:Rossendale,E07000125
41,1798,2077,2160,1964,2393,2376,2966,2677,2852,2185,2747,2800,1655,1081,1462,1191,1237,1412,1849,1932,1877,1917,1867,1929,1644,2574,1973,1405,ladu2023:South Ribble,E07000126
42,1193,1691,1742,1866,2073,2095,2391,2263,2527,1745,2009,2091,1246,759,985,870,939,1059,1366,1365,1537,1478,1502,1661,1395,2261,1609,1168,ladu2023:West Lancashire,E07000127
43,2017,2315,2258,2485,2723,2855,3315,2836,2922,1871,2429,2661,1704,990,1327,1226,1310,1439,1720,1760,1927,1967,1987,1958,1764,3052,2181,1392,ladu2023:Wyre,E07000128
44,4169,4695,4508,4698,4792,5613,6707,6259,6447,4865,5212,5962,3978,2343,2657,2504,2565,2784,3376,3532,4056,3940,3901,3831,3240,4750,3704,2802,ladu2023:Bolton,E08000001
45,2904,3312,3438,3664,4009,3953,4671,4570,5071,3773,4228,4298,2673,1406,1914,1893,1823,2033,2741,2843,3166,2996,2954,2780,2149,3345,2592,1984,ladu2023:Bury,E08000002
46,5077,5991,6150,7161,8640,8814,11011,12119,13370,11492,12737,13502,7547,4327,5273,4700,4417,4811,6158,6851,7436,6872,6343,5868,5130,6805,5588,3747,ladu2023:Manchester,E08000003
47,3347,3693,3755,3973,4084,4116,4681,4816,5109,4061,4575,4820,3177,1737,2063,1761,1774,1890,2391,2467,2688,2976,2884,2780,2490,3311,2666,1965,ladu2023:Oldham,E08000004
48,2669,2884,2971,3405,3731,3888,4344,4052,4131,3269,4033,4347,2727,1479,1857,1776,1691,1893,2391,2543,2841,2850,2959,2965,2471,3392,2911,2003,ladu2023:Rochdale,E08000005
49,2747,3391,3241,3561,3896,4026,4852,5369,6073,4905,5488,6480,4080,2346,2321,2370,2291,2584,3591,4227,5084,4713,4650,4551,3335,4944,3880,2565,ladu2023:Salford,E08000006
50,4392,5623,5799,6165,6504,6015,6686,6225,6654,4636,6265,6896,4048,2438,3364,3148,3323,3706,4917,4838,5276,5068,4991,4789,4015,6288,4290,3414,ladu2023:Stockport,E08000007
51,3257,3617,3512,3580,4247,4264,4931,4859,4923,3648,4612,5244,3370,1773,2171,2050,2017,2108,2598,2840,3179,3312,3408,3209,2589,3950,3035,2320,ladu2023:Tameside,E08000008
52,3499,4375,3958,4415,4412,4142,5007,4973,5555,3997,4905,5249,2921,1933,3065,2603,2919,3068,3883,3879,3994,3727,3838,3540,2768,5119,3053,2336,ladu2023:Trafford,E08000009
53,4601,5293,5319,5001,5592,5929,6835,6889,7175,5496,6454,7742,4973,2586,2985,2997,2915,3201,4039,4079,4681,4905,5146,5342,4538,6097,5008,3446,ladu2023:Wigan,E08000010
54,1890,1988,1881,2022,2259,2016,2348,2598,2759,2122,2325,2512,1567,822,904,843,959,1054,1410,1432,1728,1835,1964,2197,1831,2345,1867,1413,ladu2023:Knowsley,E08000011
55,5670,6118,6214,6488,6862,6864,8232,9845,10662,7975,8822,10054,6422,3150,3797,3657,3510,4184,5324,5591,6154,6764,6841,6582,4858,6244,5416,4129,ladu2023:Liverpool,E08000012
56,2209,2344,2410,2652,2910,3066,3474,3495,3927,3030,3212,3535,2200,1102,1383,1386,1460,1618,2150,2226,2483,2569,2489,2543,2094,3145,2519,1776,ladu2023:St. Helens,E08000013
57,3740,4561,4461,4822,5511,4813,5602,5151,5653,4019,4745,5173,3265,1902,2418,2437,2583,2852,3784,3706,4145,3971,4100,4131,3471,5338,4066,3082,ladu2023:Sefton,E08000014
58,4590,5306,5927,6455,6765,6456,7329,7231,7758,5237,6310,7188,4259,2440,3139,3037,3168,3541,4608,4561,4821,5091,4881,4666,3988,6096,4900,3562,ladu2023:Wirral,E08000015
59,3701,3853,3839,3443,3762,4590,5811,6460,7115,5662,6540,6735,3903,2432,2361,2280,2328,2541,3142,3265,3339,2797,3363,3338,2716,3775,3593,2427,"ladu2023:Kingston upon Hull, City of",E06000010
60,6184,6965,6726,7062,8128,8644,9521,8615,9338,6870,8684,8964,5387,3482,4680,4342,4395,4895,6025,6038,6493,6620,6632,6591,5331,8758,6530,4666,ladu2023:East Riding of Yorkshire,E06000011
61,2626,3038,3004,3119,3214,3725,4433,4298,4492,3210,3984,4396,2746,1574,1748,1732,1779,1905,2313,2192,2355,2487,2395,2411,2062,3292,2731,1782,ladu2023:North East Lincolnshire,E06000012
62,2021,2640,2555,2892,3351,3611,4407,3982,3906,2625,3400,3731,2327,1416,1697,1706,1694,1858,2303,2371,2546,2704,2677,2503,2049,3138,2650,1889,ladu2023:North Lincolnshire,E06000013
63,3013,4151,3779,4423,5036,4549,5028,4321,4959,3792,4788,4500,2704,2370,3019,2792,2801,3215,3823,3382,3551,3564,3274,3192,2529,4228,2884,2135,ladu2023:York,E06000014
64,10106,12852,11051,11941,13686,13087,15276,13753,14460,10705,13870,14472,8909,6514,8413,7510,7772,8553,10922,10789,11489,11467,11208,11156,9268,15593,10723,7827,ladu2023:North Yorkshire,E06000065
65,2721,3099,3047,3283,3767,4133,4980,5037,5340,4667,5323,5614,3862,2181,2431,2488,2465,2664,3093,3117,3437,3793,3874,3921,3052,4483,3832,2783,ladu2023:Barnsley,E08000016
66,3767,4385,4559,5217,5524,5845,6942,7014,6799,5350,5869,6679,4185,2423,2670,2759,2700,3064,3894,4016,4342,4364,4550,4593,3819,5388,4711,3208,ladu2023:Doncaster,E08000017
67,3326,3664,3605,3738,4229,4579,5165,4801,5210,4160,4579,5051,3273,1870,2320,2216,2458,2619,3524,3323,3723,3539,3444,3383,3118,4776,3646,2691,ladu2023:Rotherham,E08000018
68,6439,7617,7778,8299,8977,9543,10607,10552,10410,9746,10521,11130,7850,4553,5558,5141,5354,5779,7339,7248,7496,7400,7443,7423,5933,8432,6488,5230,ladu2023:Sheffield,E08000019
69,7764,8641,8375,9022,9900,10751,12581,12813,13252,11173,13050,13683,7956,4387,5056,4551,4515,5134,6774,6717,7168,7253,7297,7529,5879,8877,7066,5455,ladu2023:Bradford,E08000032
70,3140,3513,3722,3998,4236,4355,5044,5186,5597,4750,5579,5704,3528,2004,2471,2233,2269,2541,3221,3281,3229,3260,3362,3239,2569,4132,3080,2456,ladu2023:Calderdale,E08000033
71,5668,6817,6874,7029,7272,8160,9348,9061,9619,7580,9369,10086,6210,3689,4255,4078,4294,4424,5554,5427,6219,6111,6105,6295,5220,7850,5872,4423,ladu2023:Kirklees,E08000034
72,10926,13495,13334,14737,15708,15222,17896,17024,18835,14255,18156,18922,10958,7385,8625,7673,8102,9298,12089,11672,12825,12263,12129,11847,9640,14276,10147,8130,ladu2023:Leeds,E08000035
73,4339,4929,5012,5509,5893,6353,7438,6524,7184,5546,6079,7094,4553,2608,2896,2767,3100,3300,4406,4729,5639,5773,5683,5659,4565,6810,5481,3478,ladu2023:Wakefield,E08000036
74,3725,4222,4360,4769,4801,5154,5870,5519,5500,4347,5477,5719,3592,2374,3006,2849,2704,2974,3772,3609,3724,3628,3651,3337,2842,4023,3249,2440,ladu2023:Derby,E06000015
75,3603,3462,3816,4524,5134,5425,5839,6023,6069,4448,5529,5896,3611,2108,2941,2681,2394,2593,3240,3391,3634,3336,3293,2998,2092,3035,2693,1995,ladu2023:Leicester,E06000016
76,587,751,681,755,897,855,998,850,925,778,863,833,545,425,525,485,476,617,769,777,816,742,728,685,540,914,590,441,ladu2023:Rutland,E06000017
77,3408,4125,3955,4255,5041,5227,6213,5909,6556,4823,5893,6153,3893,2400,2813,2704,2563,2699,3624,3667,4049,3839,3726,3912,2797,3651,3220,2484,ladu2023:Nottingham,E06000018
78,5217,6518,6502,7349,8282,8309,9292,8225,8993,7236,9011,9846,5682,3374,4275,3937,4234,4534,6173,6209,7111,6707,6382,5902,4653,7531,5834,3742,ladu2023:North Northamptonshire,E06000061
79,7866,9872,9450,9660,10328,10358,11817,10079,11182,8422,10346,10392,6324,4255,5309,4709,4961,5547,7346,7050,8311,7377,7143,6711,5456,8637,6476,4657,ladu2023:West Northamptonshire,E06000062
80,1982,2400,2273,2602,2550,2634,3092,2729,2925,2175,2695,2913,1846,1279,1590,1540,1495,1642,2081,2129,2426,2328,2259,2336,1863,2672,2226,1577,ladu2023:Amber Valley,E07000032
81,1041,1178,1175,1209,1441,1704,1935,1766,1828,1392,1604,1708,1066,754,857,834,804,869,1224,1153,1449,1387,1297,1412,1217,1740,1502,932,ladu2023:Bolsover,E07000033
82,1382,1561,1505,1723,1848,2022,2267,2248,2234,1710,2076,2252,1367,881,1070,1019,1135,1136,1613,1507,1662,1532,1534,1543,1299,2037,1555,1217,ladu2023:Chesterfield,E07000034
83,1109,1391,1296,1277,1327,1235,1431,1333,1455,1029,1291,1421,900,706,973,842,871,986,1165,1133,1276,1208,1191,1201,1020,1760,1078,786,ladu2023:Derbyshire Dales,E07000035
84,1864,2310,2400,2504,2550,2504,2855,2363,2558,2114,2581,2641,1716,1228,1566,1366,1422,1626,1927,1908,2006,1889,1883,1902,1650,2243,1794,1306,ladu2023:Erewash,E07000036
85,1485,1731,1738,1979,2078,2076,2278,2159,2305,1793,2222,2149,1191,776,1052,1011,1069,1226,1503,1478,1668,1649,1630,1633,1227,2055,1559,1096,ladu2023:High Peak,E07000037
86,1394,1510,1403,1624,1658,1611,1914,1779,1671,1483,1723,1981,1154,804,1139,929,981,1116,1321,1408,1494,1503,1587,1657,1399,2220,1652,1155,ladu2023:North East Derbyshire,E07000038
87,1449,1869,1925,2164,2185,2280,2666,2343,2573,2076,2336,2453,1614,1029,1330,1212,1204,1458,1860,1797,2178,2286,2385,2400,1997,2974,2203,1314,ladu2023:South Derbyshire,E07000039
88,1715,2085,2083,2118,2186,2184,2399,1892,2130,1483,1974,2172,1313,842,1094,1186,1209,1403,1801,1799,1993,2060,1913,1712,1445,2204,1483,1038,ladu2023:Blaby,E07000129
89,2914,3400,3199,3320,3280,3222,3722,3312,3870,2751,3817,4050,2508,1892,2284,2114,2294,2433,2936,2932,3092,3048,3218,3088,2380,3454,2485,1925,ladu2023:Charnwood,E07000130
90,1649,1966,1774,2199,2433,2293,2430,1896,2097,1624,2057,2104,1334,1042,1358,1116,1268,1454,1937,1830,1816,1734,1848,1612,1695,2897,1783,1168,ladu2023:Harborough,E07000131
91,1880,2357,2150,2311,2424,2607,3000,2479,2905,2048,2471,2541,1566,1088,1387,1292,1351,1584,2274,2320,2427,2189,2074,1955,1585,2547,1907,1382,ladu2023:Hinckley and Bosworth,E07000132
92,845,1107,1012,1202,1212,1107,1199,1035,1095,855,1020,1072,721,628,802,648,674,713,890,908,800,804,856,825,718,1181,900,532,ladu2023:Melton,E07000133
93,1563,1911,1844,1907,2255,2275,2614,2180,2272,1719,2288,2223,1356,930,1158,1119,1181,1422,1945,1850,1999,2223,2208,1971,1697,2595,1901,1262,ladu2023:North West Leicestershire,E07000134
94,900,1040,973,1081,1127,1119,1275,1109,1211,904,1120,1100,661,500,644,636,574,681,760,825,967,776,734,774,664,1101,746,533,ladu2023:Oadby and Wigston,E07000135
95,971,1257,1142,1286,1495,1518,1732,1613,1879,1277,1524,1815,1127,661,795,782,762,798,1046,943,1088,1037,1068,1032,767,1338,1101,697,ladu2023:Boston,E07000136
96,2452,3039,2942,3166,3376,3268,3816,3207,3461,2479,2958,3529,2142,1546,1876,1731,1783,1855,2495,2380,2542,2643,2649,2568,2082,3648,2567,1657,ladu2023:East Lindsey,E07000137
97,1617,1879,1818,1967,2263,2445,2841,2617,2659,1761,2429,2734,1746,1055,1204,1202,1347,1380,1759,1684,1731,1519,1651,1490,1161,1704,1474,1042,ladu2023:Lincoln,E07000138
98,1760,2254,2248,2626,2959,3129,3451,2742,2919,2203,2779,3063,1852,1372,1688,1537,1608,1697,2216,2298,2532,2385,2237,2303,1823,2980,2214,1353,ladu2023:North Kesteven,E07000139
99,1478,2026,2071,2028,2375,2319,2761,2418,2618,1910,2269,2630,1454,998,1199,1227,1152,1416,1749,1706,1803,1590,1697,1586,1440,2451,1770,1148,ladu2023:South Holland,E07000140
100,2738,3222,3100,3451,3454,3394,3800,3506,3717,2767,3503,3517,2212,1659,2045,1898,2045,2278,2809,2813,2851,2735,2707,2506,2008,3297,2376,1804,ladu2023:South Kesteven,E07000141
101,1175,1486,1473,1635,1850,1979,2480,2022,2433,1875,2199,2502,1615,1117,1199,1084,1135,1317,1770,1645,1722,1715,1721,1804,1390,2499,1939,1101,ladu2023:West Lindsey,E07000142
102,1517,1903,1935,2117,2424,2607,3097,2830,3085,2371,2638,2711,1803,1152,1359,1461,1423,1611,2058,1943,2323,2299,1991,2022,1678,2389,1933,1300,ladu2023:Ashfield,E07000170
103,1574,1828,1844,2101,2367,2360,2497,2548,2317,1955,2454,2722,1608,1063,1272,1274,1244,1310,1707,1703,1909,1971,1906,1986,1740,2542,2069,1351,ladu2023:Bassetlaw,E07000171
104,1714,2187,2130,2329,2358,2255,2523,2155,2459,1889,2303,2476,1536,1151,1416,1354,1406,1479,1739,1764,1992,1858,1998,1753,1355,2268,1628,1253,ladu2023:Broxtowe,E07000172
105,1747,2405,2303,2405,2588,2536,2703,2546,2808,1893,2348,2630,1719,1150,1475,1520,1541,1554,2262,2015,2102,2014,2042,2149,1756,2697,1925,1391,ladu2023:Gedling,E07000173
106,1434,1658,1574,1637,1848,1910,2641,2686,2659,2368,2481,2552,1719,899,1190,1144,1173,1322,1760,1661,1848,1667,1745,1795,1582,2167,1741,1175,ladu2023:Mansfield,E07000174
107,1581,1984,1922,2197,2520,2603,2847,2696,2961,2200,2762,2730,1729,1260,1466,1453,1452,1666,2152,1917,2279,2200,2064,2246,1929,3025,2234,1475,ladu2023:Newark and Sherwood,E07000175
108,1974,2618,2532,2750,2756,2554,2615,2301,2587,2009,2430,2734,1547,1411,1678,1597,1710,1881,2141,1946,2289,2280,2190,2095,1689,3052,2015,1521,ladu2023:Rushcliffe,E07000176
109,2880,3567,3494,3934,4100,4125,4236,3783,4005,3035,3806,4050,2337,1939,2216,2075,2193,2250,2905,2778,3082,3038,2945,2824,2413,4165,2624,2124,"ladu2023:Herefordshire, County of",E06000019
110,2798,3388,3272,3691,3902,3738,3988,3790,4273,2934,3627,3477,2103,1298,1610,1543,1731,2028,2636,2681,3041,2874,2757,2886,2314,3535,2699,1797,ladu2023:Telford and Wrekin,E06000020
111,3763,4109,3745,3845,3976,4079,5647,6302,6727,5427,5951,6642,3988,2090,2351,2255,2275,2537,3310,3229,3688,3737,3634,3538,2883,3873,3428,2726,ladu2023:Stoke-on-Trent,E06000021
112,4896,6131,5721,6151,6085,5993,6951,5964,6390,4759,6307,6056,3614,2804,3709,3100,3370,3901,4742,4973,5331,5568,5525,5344,4313,7053,4820,3422,ladu2023:Shropshire,E06000051
113,1464,1470,1733,1825,2046,1920,2228,2083,2184,1639,1841,2164,1250,649,863,911,902,1054,1492,1320,1662,1783,1634,1647,1433,2030,1662,1052,ladu2023:Cannock Chase,E07000192
114,1640,1987,2242,2361,2725,2620,2670,2471,2686,2065,2530,2825,1716,1060,1296,1293,1330,1481,1785,1807,2113,1996,2084,2208,1616,2641,2121,1339,ladu2023:East Staffordshire,E07000193
115,1587,1795,1707,1745,2090,1905,2356,2050,2181,1615,2167,2285,1402,844,1128,1156,1180,1356,1749,1673,1795,1804,1968,1910,1457,2488,1694,1205,ladu2023:Lichfield,E07000194
116,1793,1879,1923,1833,1890,1848,2407,2342,2534,1875,2300,2388,1540,956,1330,1247,1369,1535,1913,1767,1887,2054,1780,1791,1735,2583,1721,1340,ladu2023:Newcastle-under-Lyme,E07000195
117,1520,1816,1841,1704,1850,1893,1905,1743,1897,1425,1799,1830,1132,822,1007,938,1046,1154,1481,1403,1531,1568,1466,1449,1315,2127,1542,1033,ladu2023:South Staffordshire,E07000196
118,2179,2554,2258,2439,2726,2682,3081,2734,2793,2290,2831,2822,1706,1103,1505,1441,1474,1618,2096,2049,2465,2526,2609,2356,1956,2897,2063,1547,ladu2023:Stafford,E07000197
119,1336,1561,1596,1767,2017,1823,1991,1825,2022,1593,1759,2001,1259,812,1068,958,1078,1108,1530,1491,1663,1595,1429,1487,1251,2001,1347,1000,ladu2023:Staffordshire Moorlands,E07000198
120,1281,1554,1543,1646,1672,1512,1812,1409,1688,1208,1617,1709,1073,613,688,653,723,786,1011,1027,1079,1123,1143,1237,1167,1616,1329,818,ladu2023:Tamworth,E07000199
121,942,1099,1062,1145,1160,1190,1490,1314,1297,992,1201,1207,751,466,642,592,616,637,959,988,1045,1014,992,1041,765,1338,1009,617,ladu2023:North Warwickshire,E07000218
122,1918,2228,2268,2492,2626,2660,3315,3083,3103,2336,2885,2864,1759,1021,1352,1261,1295,1482,1798,1991,2242,2150,2191,2335,1841,2597,2150,1505,ladu2023:Nuneaton and Bedworth,E07000219
123,1537,1957,1958,2056,2160,2255,2444,2241,2533,2027,2750,2821,1682,1178,1386,1269,1354,1597,1923,1907,1931,1890,1934,2174,1780,2460,1837,1347,ladu2023:Rugby,E07000220
124,2180,2818,2396,2589,2701,2609,3047,2739,3193,2401,2969,2832,1750,1285,1756,1683,1632,1847,2368,2288,2654,2632,2583,2484,2034,3674,2588,1777,ladu2023:Stratford-on-Avon,E07000221
125,2474,3127,2879,3247,3391,3478,4152,3420,3682,2787,3491,3724,2112,1792,2030,1931,2046,2249,2646,2639,2709,2557,2701,2355,1967,3396,2348,1808,ladu2023:Warwick,E07000222
126,1500,1912,1637,1747,1900,2137,2461,2061,2218,1867,2043,2069,1205,850,1217,1095,1151,1283,1746,1720,1834,1772,1777,1652,1296,2047,1464,1087,ladu2023:Bromsgrove,E07000234
127,1129,1513,1285,1522,1354,1251,1529,1296,1539,1138,1337,1405,889,776,968,916,1007,998,1254,1157,1304,1405,1324,1269,1014,1859,1210,851,ladu2023:Malvern Hills,E07000235
128,1248,1524,1527,1747,1988,1769,2036,1835,2030,1569,1971,2031,1158,685,907,998,930,1039,1486,1374,1313,1224,1437,1394,1137,1494,1073,915,ladu2023:Redditch,E07000236
129,2035,2635,2698,2846,2726,2476,2705,2383,2504,1902,2590,2502,1593,1155,1250,1235,1353,1404,1800,1752,1937,1661,1785,1542,1244,2104,1545,1170,ladu2023:Worcester,E07000237
130,2299,2681,2449,2613,2623,2763,2982,2508,2724,1965,2474,2434,1425,1065,1450,1450,1593,1649,2283,2230,2483,2390,2373,2165,1913,2872,1873,1384,ladu2023:Wychavon,E07000238
131,1539,1824,1666,1757,2008,1903,2353,1933,2286,1831,2028,2158,1150,752,1011,1044,1086,1178,1599,1577,1595,1564,1507,1523,1233,1897,1360,990,ladu2023:Wyre Forest,E07000239
132,12301,14831,14695,16202,18100,18018,20868,19400,20786,16762,19360,20612,13510,7776,9580,8797,9016,9385,12254,12192,13415,12645,12794,12739,9724,13533,10797,7976,ladu2023:Birmingham,E08000025
133,4423,5049,5270,5813,6287,6164,7127,6498,6544,5237,6530,6982,4287,2609,3197,3158,3330,3542,4530,4504,5049,4567,4312,4105,3340,4807,4009,2772,ladu2023:Coventry,E08000026
134,4010,4992,4780,4921,5150,5039,5589,4969,5350,4510,5429,5893,3780,2477,2987,3071,2954,3201,3966,4082,4618,4320,4311,4379,3624,5242,3958,2875,ladu2023:Dudley,E08000027
135,3415,3852,3606,3933,4497,4538,5364,5110,5737,4768,5484,5906,3988,1890,2461,2534,2494,2358,3063,3138,3541,3491,3566,3367,2403,3556,3071,2298,ladu2023:Sandwell,E08000028
136,3361,4024,3549,3891,4092,4238,4710,3931,4549,3492,4448,4736,2979,2074,2573,2414,2495,2760,3539,3324,3583,3427,3474,3254,2572,4579,3204,2399,ladu2023:Solihull,E08000029
137,3041,3546,3296,3418,3984,3837,4197,4242,4785,3980,4383,4968,3259,2019,2302,2191,2221,2269,2832,3040,3444,3411,3334,3283,2605,3734,2905,2305,ladu2023:Walsall,E08000030
138,2607,3107,2985,2969,3310,3391,3737,3926,3949,3391,3789,4049,2640,1611,1785,1882,1904,2207,2595,2619,3043,3020,2934,2772,2345,3288,2597,1924,ladu2023:Wolverhampton,E08000031
139,2692,3342,3605,3867,4154,4491,5089,4688,5011,3844,4735,4866,2967,1666,2103,2041,2179,2414,3082,3084,3391,3228,3199,3069,2431,3550,2677,1873,ladu2023:Peterborough,E06000031
140,3095,4114,4084,4537,4866,4540,5368,4896,4822,3634,4272,4693,2816,1391,1882,1712,1840,1928,2574,2573,2708,2574,2441,2195,1617,2558,2156,1467,ladu2023:Luton,E06000032
141,3766,4472,4403,4622,5008,4617,5299,4651,5144,3751,4962,4942,3278,1992,2647,2456,2517,2673,3414,3312,3598,3198,3194,2736,2261,3944,2751,1878,ladu2023:Southend-on-Sea,E06000033
142,2731,3464,3312,3482,3851,4090,4634,4047,4408,3561,3837,4271,2392,1011,1698,1652,1776,1937,2557,2702,3190,2832,2462,2379,2086,2955,2095,1466,ladu2023:Thurrock,E06000034
143,2625,3375,3289,3642,3694,3588,4097,3490,3820,2916,3508,3534,2268,1678,2186,2124,2173,2326,3040,3074,3258,3072,2849,2824,2358,3799,2464,1769,ladu2023:Bedford,E06000055
144,5045,6227,6116,6464,6263,6465,7321,6207,7087,5348,6699,7195,3937,2865,4039,3744,3994,4429,5796,5826,5960,5442,5396,5124,4652,7832,5558,3407,ladu2023:Central Bedfordshire,E06000056
145,1709,2318,1935,1979,1916,1897,1866,1983,2012,1944,2176,2379,1535,1390,1534,1558,1450,1888,1973,1716,1655,1567,1354,1375,1114,1718,1422,1061,ladu2023:Cambridge,E07000008
146,1461,1837,1789,1784,1914,2076,2298,1841,2079,1734,2124,2284,1407,1081,1433,1330,1350,1316,1589,1411,1463,1358,1432,1302,1014,2121,1553,982,ladu2023:East Cambridgeshire,E07000009
147,1508,2020,2328,2464,2467,2619,2931,2829,2916,2023,2604,2960,1724,1077,1260,1171,1290,1493,1812,1700,2118,1937,1821,1737,1397,2403,1873,1186,ladu2023:Fenland,E07000010
148,3511,4164,3875,4393,4757,4637,4846,4253,4537,3411,4415,4420,2541,2175,2464,2568,2659,2771,3787,3328,3485,3229,3022,3038,2465,4408,3126,2062,ladu2023:Huntingdonshire,E07000011
149,2332,3118,2765,3026,3182,3256,3199,2820,3143,2619,3292,3430,2055,1847,2410,2266,2241,2360,2843,2533,2501,2355,2334,2402,2050,3573,2532,1695,ladu2023:South Cambridgeshire,E07000012
150,3151,4131,3892,4009,4142,3984,4304,3685,4260,3174,3782,4132,2420,1432,2163,1995,2178,2384,3117,3295,3026,2916,2720,2540,2081,3475,2484,1837,ladu2023:Basildon,E07000066
151,2543,3530,3401,3705,3922,3831,3921,3464,4013,3030,3667,3686,2292,1478,2237,1988,1865,2044,2746,2807,2924,2431,2358,2507,2078,3832,2702,1769,ladu2023:Braintree,E07000067
152,1365,1727,1553,1648,1630,1518,1816,1563,1770,1409,1802,1910,1200,819,1116,1057,1168,1344,1575,1469,1390,1224,1333,1221,961,1855,1335,925,ladu2023:Brentwood,E07000068
153,1618,2020,1918,1999,2080,1959,2243,1907,2096,1599,2021,2135,1305,803,1133,1020,1070,1182,1644,1542,1596,1422,1379,1281,1217,1987,1256,926,ladu2023:Castle Point,E07000069
154,3039,3781,3346,3892,3977,3881,4310,3879,4277,3097,4081,4237,2481,1877,2395,2259,2342,2475,3071,3097,3489,3030,2838,2806,2199,3989,2663,1983,ladu2023:Chelmsford,E07000070
155,2911,3814,3819,4009,4253,4086,4594,4220,4765,3702,4746,5174,3109,2306,2750,2710,2885,3024,3804,3599,3922,3629,3685,3270,2544,4385,3087,2237,ladu2023:Colchester,E07000071
156,2374,2827,2667,2900,2905,2954,3065,2706,3071,2406,3055,3194,1834,1158,1792,1649,1754,1824,2317,2321,2217,1899,1902,1794,1526,2820,1760,1252,ladu2023:Epping Forest,E07000072
157,1306,1673,1875,1892,1887,1773,1956,1800,1982,1469,1894,1966,1189,730,949,873,839,994,1281,1316,1350,1234,1222,1307,1056,1529,1167,854,ladu2023:Harlow,E07000073
158,1317,1634,1631,1715,1723,1553,1564,1302,1468,1174,1473,1663,948,641,869,744,796,852,1055,1114,1272,1121,1059,1019,1005,1731,1002,737,ladu2023:Maldon,E07000074
159,1574,1761,1687,1948,1896,1818,1945,1635,1810,1349,1827,2108,1261,854,1164,1050,1113,1164,1565,1493,1457,1430,1432,1344,1090,2120,1440,942,ladu2023:Rochford,E07000075
160,3166,3826,4022,4177,4423,4301,4669,3587,4107,3070,3725,4142,2485,1783,2265,2021,2077,2228,3152,3109,3336,3048,2850,2878,2487,4421,3128,2039,ladu2023:Tendring,E07000076
161,1352,1682,1546,1735,1593,1589,1731,1601,1778,1461,1809,1945,1265,1076,1415,1276,1314,1463,1699,1598,1790,1684,1591,1525,1108,2186,1248,917,ladu2023:Uttlesford,E07000077
162,1676,2458,2261,2470,2485,2287,2291,1936,2508,2105,2359,2430,1513,921,1404,1186,1222,1410,1624,1523,1582,1478,1496,1215,1099,1935,1299,967,ladu2023:Broxbourne,E07000095
163,2594,3328,3144,3192,3085,3056,3810,3186,3531,2650,3360,3726,2125,1487,2132,2112,2128,2262,2946,2778,2742,2373,2175,2056,1671,3423,2315,1614,ladu2023:Dacorum,E07000096
164,1676,2007,2054,2228,2162,2149,2303,1945,2214,1664,2140,2360,1542,910,1413,1190,1308,1446,1800,1663,1686,1526,1335,1368,1240,1946,1208,925,ladu2023:Hertsmere,E07000098
165,2176,2924,2437,2715,2871,2926,3369,2916,3026,2339,3059,3345,1991,1496,1981,1830,1873,2075,2370,2335,2421,2162,1894,1770,1583,2912,1996,1453,ladu2023:North Hertfordshire,E07000099
166,1660,2186,1858,2099,1872,1976,2140,1786,2017,1427,1958,2278,1255,951,1211,1222,1249,1260,1611,1526,1314,1157,1167,1188,995,1685,1064,820,ladu2023:Three Rivers,E07000102
167,1982,2338,2136,2300,2159,2188,2350,2094,2510,1892,2329,2332,1598,988,1492,1274,1510,1473,1768,1587,1479,1238,1124,1133,899,1576,1170,832,ladu2023:Watford,E07000103
168,2250,2833,2813,3046,3099,3036,3325,3104,3406,2510,3312,3363,1963,1433,1816,1869,1812,2168,2666,2535,2780,2482,2428,2278,1984,3417,2349,1703,ladu2023:Breckland,E07000143
169,2554,3198,3127,3257,3244,3166,2953,2627,2928,2293,2813,2971,1678,1607,1861,1750,1834,1912,2339,2214,2554,2413,2290,2443,1994,3204,2377,1601,ladu2023:Broadland,E07000144
170,1600,1948,1934,1928,2149,2431,2397,2252,2546,1920,2225,2500,1457,960,1231,1273,1207,1299,1639,1598,1762,1633,1594,1669,1532,2219,1614,1110,ladu2023:Great Yarmouth,E07000145
171,2710,3192,3132,3407,3696,3398,3887,3188,3749,2900,3486,3967,2416,1669,2195,2001,2136,2269,2977,2744,2943,2703,2545,2562,2211,3658,2492,1726,ladu2023:King's Lynn and West Norfolk,E07000146
172,2185,2867,2464,2340,2617,2719,2648,2148,2645,1876,2426,2980,1810,1422,1799,1786,1544,1852,2444,2270,2464,2146,2221,2056,1742,2976,1786,1379,ladu2023:North Norfolk,E07000147
173,1873,2457,2414,2722,2725,3099,3190,2790,3086,2769,3377,3883,2161,1588,2026,1779,1738,2044,2408,2312,2290,2166,2172,2072,1561,2415,2064,1608,ladu2023:Norwich,E07000148
174,1946,2498,2434,2787,2739,2738,2833,2461,2646,1928,2743,3084,2108,1774,2086,1958,1985,2279,2915,2562,2905,2856,2806,2747,2358,3726,2626,1709,ladu2023:South Norfolk,E07000149
175,1615,1999,1803,1992,2026,2003,2072,1744,1929,1515,2045,2083,1280,1068,1350,1202,1223,1284,1639,1461,1504,1525,1499,1476,1304,2331,1541,950,ladu2023:Babergh,E07000200
176,2003,2415,2259,2636,2708,2907,3027,2872,3102,2781,3460,3609,2195,1606,1814,1612,1698,1850,2286,2175,2488,2086,2057,1880,1574,2485,1874,1413,ladu2023:Ipswich,E07000202
177,1727,2298,2057,2155,1995,2129,2206,1921,2366,1821,2273,2439,1460,1295,1578,1432,1482,1543,1945,1789,1869,1780,1810,1719,1534,2911,1970,1188,ladu2023:Mid Suffolk,E07000203
178,2728,3201,3265,3596,3362,3302,3611,2916,3505,2745,3534,3522,2135,1727,2512,2309,2311,2558,2941,2671,2484,2179,2057,2062,1839,3314,2196,1733,ladu2023:St Albans,E07000240
179,1586,1948,1940,2015,1931,1890,2097,2117,2588,1925,2452,2483,1531,958,1327,1239,1274,1367,1874,1707,1656,1550,1398,1268,1167,1971,1293,919,ladu2023:Welwyn Hatfield,E07000241
180,3366,4194,3574,3660,3538,3733,3803,3174,3610,2885,3881,3714,2157,1643,2232,2033,2143,2378,2937,2855,2933,2503,2542,2446,2031,3628,2488,1741,ladu2023:East Hertfordshire,E07000242
181,1411,1809,1583,1774,1878,1802,1944,1656,1783,1278,1640,1856,1155,627,1039,907,935,956,1280,1339,1372,1396,1054,1120,868,1377,1053,747,ladu2023:Stevenage,E07000243
182,4446,5360,5322,5772,5701,5922,6524,5673,6488,5173,6327,6170,3715,3060,3601,3414,3581,3684,4695,4511,4884,4574,4282,4105,3433,5761,3939,2946,ladu2023:East Suffolk,E07000244
183,2921,3712,3650,3859,3948,4074,4244,4001,4179,3220,4258,4468,2808,2119,2706,2470,2434,2690,3377,3215,3446,2909,2929,2682,2276,3706,2853,2007,ladu2023:West Suffolk,E07000245
184,237,341,398,503,525,387,360,456,437,283,295,295,176,132,228,246,196,398,292,360,141,202,338,186,136,242,188,136,ladu2023:City of London,E09000001
185,1679,2396,2502,2569,2879,3141,3389,3421,3759,2803,3434,4043,2454,1032,1593,1441,1385,1516,1994,2277,2261,1864,1907,1616,1211,1788,1370,981,ladu2023:Barking and Dagenham,E09000002
186,5775,6874,6654,7173,7083,6844,7234,6236,6925,5328,6506,7228,4422,2686,4283,3873,4226,4518,4955,4653,5341,4052,3751,3779,2933,5285,3894,2521,ladu2023:Barnet,E09000003
187,3649,4782,4315,4830,4756,4813,5904,5036,5428,3892,4735,5318,3207,1923,2591,2435,2804,3159,3844,3825,3582,3174,3014,2985,2567,4223,2899,2274,ladu2023:Bexley,E09000004
188,3602,4339,4419,4528,4779,4611,5010,4251,4293,3269,3872,4417,2727,1318,2457,2212,2128,2250,2900,2981,2874,2285,1831,1584,1608,2632,1937,1467,ladu2023:Brent,E09000005
189,5722,7444,6608,6617,7230,7095,8219,6716,7766,6138,8058,8512,4848,3286,4716,4185,4798,5086,6268,5811,5611,4828,4592,4583,4073,6608,4482,3436,ladu2023:Bromley,E09000006
190,3285,4171,3891,3739,3906,3674,3891,3229,3852,3226,4092,3894,2543,1851,2806,2701,2499,2730,2941,2379,2283,2132,1872,1645,1618,2594,1859,1525,ladu2023:Camden,E09000007
191,5905,7629,7325,7571,7006,6460,8257,7647,7831,6237,7615,8570,5175,2939,3877,3406,3652,4295,5967,5501,5560,4859,4150,4059,3522,6056,4181,3140,ladu2023:Croydon,E09000008
192,4662,6034,5787,6057,5803,5888,6290,5558,6274,4746,6085,6787,3630,2051,3205,3027,3180,3728,3544,3441,3250,2681,2687,2662,2237,3936,3097,2434,ladu2023:Ealing,E09000009
193,5176,6208,6147,6449,6195,6707,7405,6230,6485,4913,6191,6622,4140,2182,3118,2630,2945,2989,3846,3488,3329,2647,2463,2309,1991,3657,2545,1934,ladu2023:Enfield,E09000010
194,2719,3396,3482,4004,4173,4531,5318,4956,5551,4536,5153,5467,3229,1706,2297,2521,2780,3089,4559,3874,4040,3414,3511,3208,2554,4207,2956,2118,ladu2023:Greenwich,E09000011
195,1933,2737,3051,3037,3122,3175,3711,2906,3413,2555,3323,3643,2242,1620,2222,2311,2502,2758,2828,2843,2479,2326,2182,2111,2032,3147,2215,1638,ladu2023:Hackney,E09000012
196,3534,4459,3863,3925,4131,3611,3983,3399,3889,3128,3981,4204,2114,1597,2590,2587,2716,2876,2991,2424,2306,2001,2244,1810,2020,2902,2189,1647,ladu2023:Hammersmith and Fulham,E09000013
197,3626,4572,4246,4449,4631,4333,4663,3852,4504,3503,4399,4676,2588,1562,2424,2281,2434,2553,2876,2759,2524,1867,1961,1895,1705,3261,2123,1677,ladu2023:Haringey,E09000014
198,3272,4033,3938,4259,4290,4091,4444,4265,4223,3173,4157,4281,2694,1683,2281,2221,2226,2446,2759,2895,2475,1990,2081,2286,1771,2663,1872,1441,ladu2023:Harrow,E09000015
199,3533,4328,3812,4120,4063,4406,5005,4249,4991,3825,4749,5658,3405,2068,2881,2545,2870,3120,4243,3990,4064,3524,3344,3138,2883,5067,3229,2525,ladu2023:Havering,E09000016
200,4282,5275,4877,5644,5573,4611,5599,5356,5648,4334,5299,5646,3805,2270,3121,3281,3346,3247,3672,3712,3566,3156,2933,2776,2336,4103,2827,2168,ladu2023:Hillingdon,E09000017
201,3940,4376,3840,4041,4299,4412,4691,4425,4852,3576,4502,5057,3000,1643,2461,2360,2351,2608,3250,3103,3079,2531,2407,1880,1796,2798,1952,1563,ladu2023:Hounslow,E09000018
202,2155,3115,3138,3685,3291,3187,3423,2859,3134,2749,3911,4012,2649,2059,2928,2664,2889,2787,3008,2450,2429,1759,1661,1883,1694,2668,1873,1589,ladu2023:Islington,E09000019
203,4036,5104,4253,4984,4725,4246,4442,3329,4319,3402,4012,4181,2115,1741,2530,2523,2257,2505,2832,2172,1965,1600,1373,1354,1288,2033,1809,1451,ladu2023:Kensington and Chelsea,E09000020
204,3222,4058,3833,3846,3798,3796,4297,3516,4103,3148,4010,4197,2264,1544,2410,2201,2325,2601,3024,2629,2389,1941,1955,2153,1726,3049,2137,1630,ladu2023:Kingston upon Thames,E09000021
205,4161,5940,5930,5710,6386,5899,6181,5503,6150,4960,6390,6782,3931,1949,3525,3571,3883,4389,5223,4606,4209,3756,3364,3432,3107,5239,3496,2778,ladu2023:Lambeth,E09000022
206,3783,5055,5013,5410,5819,5515,6096,5474,6144,4665,5815,6318,3555,1813,2815,2851,3216,3725,4696,4310,4481,3510,3192,3212,2661,4354,3108,2397,ladu2023:Lewisham,E09000023
207,3629,4618,4363,4857,4559,4460,4925,4002,4741,3636,4616,4762,2851,1888,2683,2522,2768,3087,3292,2822,2762,2427,2270,2151,1865,3467,2439,1885,ladu2023:Merton,E09000024
208,3191,3801,3972,4197,4968,5220,5814,5139,4968,3765,4469,4523,3450,1241,1775,1543,1664,2140,2855,2724,2613,3738,2994,2292,1720,2711,2020,1292,ladu2023:Newham,E09000025
209,4257,5204,4828,5284,5304,5556,6037,5690,5887,4891,5605,5691,3865,2187,3232,2491,2466,2742,3584,3306,3156,2647,2497,2187,1866,3127,2200,1760,ladu2023:Redbridge,E09000026
210,4301,5625,4939,5708,4750,4505,5110,4432,5218,4116,5252,5126,2940,2130,3311,3115,3261,3406,3664,3163,3138,2675,2631,2456,2263,3930,2748,2227,ladu2023:Richmond upon Thames,E09000027
211,2887,4024,4596,4890,5338,5169,5281,4500,5316,4319,5406,5519,3334,1899,3357,3258,3316,3905,4188,3724,4017,3494,3453,3171,2417,3725,2974,2281,ladu2023:Southwark,E09000028
212,3914,4616,4480,4763,4774,4661,5036,4352,4968,3696,4567,4977,3028,2034,2571,2393,2537,2809,3376,3276,3246,3162,2652,2561,2202,3664,2515,2096,ladu2023:Sutton,E09000029
213,2133,3478,4475,5344,5401,5098,4793,3723,5650,4788,5274,5531,3485,2319,3893,3497,3608,3961,5091,4193,4529,3810,3031,3381,2878,4990,3523,2091,ladu2023:Tower Hamlets,E09000030
214,3590,4701,4567,5017,5346,5188,5419,4806,5016,3947,4962,5256,3113,1740,2340,2278,2329,2646,3481,3396,3149,2771,2725,2756,2282,4029,2609,2235,ladu2023:Waltham Forest,E09000031
215,6448,8550,7853,8933,8407,7974,8716,6875,8644,7065,8955,9359,4917,3673,5519,5164,5351,5797,6391,5683,5899,5145,4654,4479,3861,6848,4959,3832,ladu2023:Wandsworth,E09000032
216,4350,6486,5797,6248,6681,6090,6260,5158,5566,4728,6095,5831,3455,2444,3681,3384,3207,3513,3733,2898,2815,2710,2191,1941,1980,2779,2350,1995,ladu2023:Westminster,E09000033
217,3987,5103,5392,5570,6513,6612,6821,6229,6315,4568,6042,6711,4284,2452,3081,3018,3433,3471,4336,4648,4656,4516,4115,3949,3295,5546,3764,2930,ladu2023:Medway,E06000035
218,2602,3161,2275,3153,2895,2989,3300,2696,3201,2294,2941,2969,2034,1394,1657,1540,1693,1899,2262,2166,2157,1918,1906,2163,1928,2950,1957,1402,ladu2023:Bracknell Forest,E06000036
219,2792,3566,3259,3555,3356,3499,3669,3160,3824,3154,4110,3999,2307,1774,2222,2043,2127,2358,2936,2804,2603,2368,2362,2091,1860,3276,2287,1835,ladu2023:West Berkshire,E06000037
220,2850,3560,3635,3902,3943,3778,4066,3593,4120,3441,3883,4233,2593,1863,2277,2015,2061,2577,2894,2925,2893,2342,2388,2169,1640,2712,2213,1920,ladu2023:Reading,E06000038
221,1971,2668,2836,2932,3322,3099,3127,2946,3271,2647,2874,3050,1985,1010,1276,1182,1166,1251,1953,1941,1838,1496,1460,1187,907,1445,1180,871,ladu2023:Slough,E06000039
222,3048,3739,3088,3479,3225,3100,3362,2876,3306,2677,3410,3664,2071,1514,2253,1856,1881,2192,2678,2455,2384,2072,1836,1936,1615,2979,2131,1626,ladu2023:Windsor and Maidenhead,E06000040
223,3344,3735,3603,3921,3637,3707,3885,3353,4023,3010,4065,4085,2381,1851,2354,2211,2300,2461,3097,3016,2983,2966,3050,2858,2408,4129,2894,2036,ladu2023:Wokingham,E06000041
224,4888,6034,5980,6438,6771,6638,7359,6414,6718,5193,6849,7423,5042,3314,3681,3348,3576,3758,4606,4464,5005,4573,4586,4175,3543,5718,4273,2697,ladu2023:Milton Keynes,E06000042
225,6175,7758,7781,8359,8453,8105,8283,7169,8119,6019,7758,7965,4349,3307,4601,4239,4256,4446,5544,5243,5086,4372,3883,3650,3186,5766,3959,3075,ladu2023:Brighton and Hove,E06000043
226,3676,4796,4786,4844,5286,4917,5519,4769,5103,3836,4995,5629,3301,2164,2608,2315,2433,2576,3416,3483,3655,3209,2982,2786,2226,3543,2689,2008,ladu2023:Portsmouth,E06000044
227,3912,4973,5006,4986,5277,5101,5856,5148,5603,4309,5556,5704,3699,2216,2680,2467,2575,2815,3783,3951,4004,3470,3707,3196,2424,3634,3010,2455,ladu2023:Southampton,E06000045
228,3101,3792,3665,3956,3962,3910,4118,3837,4398,3080,3881,4226,2645,1988,2391,2166,2258,2325,3085,3006,3248,3024,2951,2733,2362,3767,2585,1749,ladu2023:Isle of Wight,E06000046
229,9536,11651,11067,11880,11925,11216,12350,10624,11927,9114,11753,12480,7373,5392,7398,6636,7264,7986,9776,9385,9760,8712,8088,7875,6858,12250,8140,5728,ladu2023:Buckinghamshire,E06000060
230,2225,2704,2725,2965,3484,3337,3751,3174,3698,2738,3228,3526,1947,1459,1803,1547,1653,1809,2394,2208,2332,2057,1823,1726,1417,2418,1874,1380,ladu2023:Eastbourne,E07000061
231,1907,2242,2375,2450,2757,2890,3360,2788,2802,2239,2600,2941,1880,1021,1214,1281,1208,1417,1862,1866,2035,1801,1750,1533,1226,2196,1553,1197,ladu2023:Hastings,E07000062
232,1979,2557,2386,2511,2406,2377,2688,2181,2518,1723,2484,2706,1575,1277,1641,1458,1613,1620,2079,1758,1881,1626,1537,1616,1350,2332,1645,1179,ladu2023:Lewes,E07000063
233,2099,2617,2420,2706,2599,2491,2826,2304,2721,1992,2589,2916,1698,1243,1680,1506,1589,1697,2291,2080,2281,2042,1906,1653,1472,2731,1840,1282,ladu2023:Rother,E07000064
234,3231,3886,3800,3957,3843,3393,4091,3103,3607,2626,3345,3839,2216,1810,2461,2302,2637,2651,3331,2910,3002,2771,2817,2596,2508,4324,2815,1906,ladu2023:Wealden,E07000065
235,3085,3798,3451,4151,3954,4013,4100,3419,4268,3328,3955,4058,2973,2202,2731,2333,2386,2582,3240,3040,3112,2866,3020,3071,2386,3934,2563,1986,ladu2023:Basingstoke and Deane,E07000084
236,2142,2256,2294,2698,2641,2568,2643,2434,2828,2247,2666,2608,1751,1359,1842,1563,1661,1851,2477,2448,2253,2000,2219,2202,1766,3159,1942,1342,ladu2023:East Hampshire,E07000085
237,2734,3253,3005,3171,3102,2958,3123,2726,3296,2545,3168,3369,2039,1574,1840,1687,1801,2010,2486,2330,2405,2445,2543,2496,2040,3117,2103,1663,ladu2023:Eastleigh,E07000086
238,2659,3181,2612,3007,2834,2782,3012,2354,2619,2113,2855,3147,1775,1406,1633,1523,1751,1808,2187,2120,2269,2015,1989,1868,1491,2635,1656,1415,ladu2023:Fareham,E07000087
239,1526,1919,1986,2047,2180,2259,2683,2035,2388,1904,2372,2456,1455,849,1120,1046,1162,1231,1604,1467,1542,1529,1323,1260,1173,1733,1178,982,ladu2023:Gosport,E07000088
240,1924,2332,2267,2125,2169,2271,2461,2097,2601,2133,2431,2330,1461,1081,1352,1301,1259,1513,1756,1601,1917,1812,1655,1640,1375,2449,1670,1195,ladu2023:Hart,E07000089
241,2052,2775,2690,2745,2493,2297,2685,2265,2529,1930,2378,2710,1617,1179,1617,1350,1465,1662,2122,2205,2439,2098,1858,1733,1482,2644,1796,1345,ladu2023:Havant,E07000090
242,3846,4682,4167,4785,4553,4537,4696,4110,4423,3410,4317,4639,2821,2337,2919,2531,2617,2833,3549,3271,3417,3060,2924,2673,2345,4334,2567,2051,ladu2023:New Forest,E07000091
243,1555,2288,2377,2351,2160,2103,2292,2032,2401,1953,2571,2644,1655,1082,1420,1165,1239,1467,1816,1622,1701,1617,1460,1377,1180,1802,1392,985,ladu2023:Rushmoor,E07000092
244,2130,3029,2767,2989,2612,2541,2895,2528,2747,2067,2609,2668,1556,1133,1596,1482,1541,1747,2272,2354,2347,2303,2168,2161,1948,3159,1960,1438,ladu2023:Test Valley,E07000093
245,1990,2482,2524,2367,2302,2357,2522,2356,2795,2115,2699,2800,1707,1407,1839,1739,1674,1759,2185,2095,2021,1832,1770,1830,1559,2958,1968,1313,ladu2023:Winchester,E07000094
246,1744,2196,2277,2161,2463,2862,3207,2594,3416,2588,3076,2722,1902,1285,1838,1761,1700,1662,2113,2373,2500,2270,2126,2002,1826,3243,2010,1442,ladu2023:Ashford,E07000105
247,2454,3068,2830,2301,2699,2923,3781,3516,3811,2648,3338,4208,2508,1840,2284,2133,2334,2567,3039,2862,2656,2432,2275,2292,1893,3362,2250,1617,ladu2023:Canterbury,E07000106
248,1367,1917,1883,1951,2027,1991,2493,2434,2565,1876,2290,2756,1818,947,1181,1295,1332,1535,2020,2126,2415,2456,2405,2102,1604,2376,1650,1190,ladu2023:Dartford,E07000107
249,1718,2102,2100,2131,2101,2009,2813,2522,2606,2024,2820,2824,1599,1073,1453,1418,1605,1730,2115,2204,2429,2238,2069,1889,1532,2837,1899,1233,ladu2023:Dover,E07000108
250,1334,1659,1701,1676,1613,1694,2144,1841,2155,1678,2041,2152,1360,961,1151,1012,1046,1170,1453,1463,1415,1334,1401,1200,974,1650,1185,953,ladu2023:Gravesham,E07000109
251,2442,3132,2849,3116,3343,2849,3631,3454,3740,3041,3775,3842,2585,1796,2254,1945,2256,2193,2923,2720,3175,3219,2840,2530,2447,4530,2909,1967,ladu2023:Maidstone,E07000110
252,1687,2271,1931,1961,2046,2135,2490,2067,2325,1749,2370,2475,1487,1163,1708,1443,1437,1602,1892,1826,2014,1774,1744,1609,1458,2554,1645,1211,ladu2023:Sevenoaks,E07000111
253,1851,2271,2209,2421,2632,2503,3049,2768,3011,2044,2821,2915,1808,1288,1614,1567,1488,1624,2144,2190,2218,2267,2109,1903,1528,2764,1862,1319,ladu2023:Folkestone and Hythe,E07000112
254,1980,2613,2660,2815,3262,3210,3636,3113,3495,2515,3261,3828,2121,1513,1894,1708,1769,1933,2420,2537,2683,2430,2332,2254,1947,3295,2251,1450,ladu2023:Swale,E07000113
255,2119,2842,2896,3055,2935,2914,4132,3658,3891,3119,3954,4582,2646,1610,2031,1890,1988,2118,2834,2811,3054,2894,2530,2265,1960,3390,2310,1559,ladu2023:Thanet,E07000114
256,1681,2147,2034,1935,1985,2264,2894,2317,2670,2026,2657,2996,1801,1291,1784,1669,1670,1984,2513,2287,2642,2429,2241,1960,1759,3148,2110,1398,ladu2023:Tonbridge and Malling,E07000115
257,1930,2595,2365,2636,2423,2386,2792,2217,2739,2118,2845,3036,1824,1322,1729,1711,1656,1649,2191,2084,2098,1863,1709,1804,1525,2889,2082,1360,ladu2023:Tunbridge Wells,E07000116
258,3052,3847,3398,3967,3778,3873,3815,3506,3741,2911,3583,3709,1950,1580,2104,1795,1896,2180,2743,2685,3004,2688,2689,2472,2111,3842,2828,1765,ladu2023:Cherwell,E07000177
259,1978,2611,2672,2731,2367,2716,2637,2295,2732,2233,2805,2624,1689,1450,1834,1645,1571,1621,1819,1737,1511,1332,1247,1208,1019,1806,1331,1082,ladu2023:Oxford,E07000178
260,2774,3500,3245,3414,3243,3182,3284,2627,3138,2305,3005,2856,1750,1421,2022,1796,2007,2234,2729,2461,2510,2195,2349,2329,2034,3651,2504,1739,ladu2023:South Oxfordshire,E07000179
261,2053,2369,2407,2604,2388,2461,2545,2185,2590,2063,2474,2551,1476,1366,1779,1529,1539,1853,2315,2302,2395,2513,2392,2302,2029,3372,2306,1638,ladu2023:Vale of White Horse,E07000180
262,1937,2161,2009,2124,2085,2229,2550,2203,2431,2130,2899,2742,1638,1284,1701,1463,1485,1586,1940,1848,1911,1747,1791,1726,1595,2958,1788,1302,ladu2023:West Oxfordshire,E07000181
263,2797,3504,3263,3778,3537,3500,3741,3069,3603,2914,3781,3882,2205,1811,2480,2365,2302,2675,3056,2366,2450,2064,2063,2049,1848,3617,2333,1684,ladu2023:Elmbridge,E07000207
264,1260,1728,1566,1741,1670,1713,1817,1379,1659,1410,1906,1974,1172,825,1201,1184,1250,1369,1515,1324,1381,1197,1068,1095,930,1649,1035,857,ladu2023:Epsom and Ewell,E07000208
265,2475,3232,2897,3157,2958,3082,3110,2833,3217,2580,3225,3257,1983,1645,2177,1896,1968,2133,2479,2263,2240,2040,1850,1755,1545,2918,2139,1519,ladu2023:Guildford,E07000209
266,1535,1857,1718,1831,1669,1651,1968,1648,1780,1432,1939,2187,1239,887,1317,1168,1345,1305,1508,1450,1372,1257,1271,1132,1115,2034,1253,963,ladu2023:Mole Valley,E07000210
267,2615,3293,3112,3196,3408,3252,3548,3153,3384,2790,3619,3975,2498,1753,2424,2141,2301,2534,3025,2751,2887,2446,2420,2314,1989,3630,2525,1798,ladu2023:Reigate and Banstead,E07000211
268,1568,1998,1775,1947,1859,1777,1916,1590,1975,1601,2224,2124,1262,961,1322,1208,1179,1253,1557,1437,1453,1303,1222,1221,1077,1923,1328,952,ladu2023:Runnymede,E07000212
269,1769,2159,2106,2132,2117,2029,2237,2150,2302,1654,2257,2460,1450,945,1431,1271,1329,1434,1902,1720,1709,1491,1431,1341,1126,2074,1505,1057,ladu2023:Spelthorne,E07000213
270,1861,2334,2206,2292,1986,2138,2309,1985,2138,1766,2185,2194,1389,1008,1157,1149,1256,1331,1557,1425,1552,1462,1265,1358,1164,1947,1466,1043,ladu2023:Surrey Heath,E07000214
271,1418,1867,1889,1773,1824,1673,2008,1775,1839,1502,2048,2300,1391,953,1275,1115,1289,1278,1708,1607,1678,1430,1298,1246,1075,1950,1329,939,ladu2023:Tandridge,E07000215
272,2437,2892,2628,2708,2727,2599,2769,2377,2628,2263,2986,3064,1853,1509,2122,1877,1808,1964,2429,2287,2140,1968,1893,1843,1825,3041,2152,1647,ladu2023:Waverley,E07000216
273,2134,2759,2432,2493,2489,2585,2675,2334,2652,2317,2731,2851,1683,1211,1716,1560,1597,1818,2070,1844,1838,1695,1575,1340,1098,2165,1547,1223,ladu2023:Woking,E07000217
274,1239,1394,1347,1459,1399,1482,1557,1368,1576,1203,1703,1639,977,725,943,952,965,987,1181,1119,1114,1032,1039,969,834,1346,970,727,ladu2023:Adur,E07000223
275,3696,4670,4192,4553,4115,4317,5051,4322,4810,3304,4315,4591,2971,2195,2775,2673,2713,2793,3628,3476,3523,3360,3263,3054,2464,4158,2946,2288,ladu2023:Arun,E07000224
276,2021,2675,2597,2554,2678,2580,2727,2279,2682,2133,2609,2742,1802,1561,1863,1805,1781,1961,2369,2199,2124,2142,1940,1844,1651,3139,1973,1467,ladu2023:Chichester,E07000225
277,1907,2583,2323,2365,2021,2097,2299,2193,2252,1826,2332,2563,1771,1035,1207,1228,1237,1248,1651,1604,1688,1484,1495,1446,1085,1781,1323,1040,ladu2023:Crawley,E07000226
278,2878,3692,3204,3173,3296,3129,3785,3008,3458,2597,3345,3298,2009,1672,2226,1868,1991,2276,3058,2871,2971,2636,2491,2669,2112,3678,2255,1588,ladu2023:Horsham,E07000227
279,2882,3503,3289,3082,2940,3006,3579,2967,3577,2669,3456,3711,2109,1678,2185,2037,2342,2466,3053,2919,2979,2710,2499,2613,2290,3943,2838,1849,ladu2023:Mid Sussex,E07000228
280,2599,3287,3103,3293,3399,3271,3549,2821,3460,2360,3394,3347,1869,1414,1928,1712,1891,1944,2496,2585,2468,2252,2084,2130,1780,2755,1801,1538,ladu2023:Worthing,E07000229
281,3180,3913,3440,3933,3248,3677,3892,3338,3744,2853,3816,4118,2308,1896,2476,2417,2454,2701,3430,3229,3380,3047,3093,2877,2452,3961,2633,2070,ladu2023:Bath and North East Somerset,E06000022
282,6383,8207,8467,9211,8803,8961,9911,8735,10028,8510,10640,10908,6940,5060,6291,5527,6071,6411,8126,7953,7965,7538,7230,6785,5444,8803,6251,5086,"ladu2023:Bristol, City of",E06000023
283,3833,4954,4451,5068,5227,5456,5971,5598,5699,4748,5995,6168,3645,2475,3420,3079,3325,3504,4453,4258,4539,3960,4160,3820,3193,5546,3977,2792,ladu2023:North Somerset,E06000024
284,4903,6145,6375,6960,6752,6610,6655,5407,6286,4697,6014,6025,3369,2978,3455,3373,3481,3809,4853,4933,4947,4859,4768,4716,3861,6202,4107,3119,ladu2023:South Gloucestershire,E06000025
285,3747,4663,4574,5213,5949,6154,6070,5990,6344,5166,6278,6273,3665,2807,3358,3133,3181,3401,4141,4371,4563,4364,4342,4141,3314,4737,4127,3184,ladu2023:Plymouth,E06000026
286,2948,3730,3682,3984,4362,4395,4693,3959,4329,2893,3721,4014,2385,1718,2148,1840,2097,2178,2737,2938,3002,3033,2884,2787,2030,3490,2555,1685,ladu2023:Torbay,E06000027
287,4309,5221,5338,5452,5142,4910,5553,4769,5730,4838,6127,7014,4039,2592,3000,2618,2751,3166,4235,4123,4797,4385,4296,3852,2926,4792,3669,2760,ladu2023:Swindon,E06000030
288,9347,12156,11844,12271,13354,13028,13888,12165,13073,9184,12428,13355,8024,6227,8205,7411,7667,8145,10168,10431,10926,10958,10566,10184,8654,13702,8917,6778,ladu2023:Cornwall,E06000052
289,30,33,44,24,21,19,18,26,25,15,21,25,15,13,9,17,13,10,13,19,30,23,28,22,16,29,8,6,ladu2023:Isles of Scilly,E06000053
290,8336,10704,10217,11030,10751,10593,11231,9827,11122,8466,10857,11380,7131,5286,6648,6104,6279,6972,9148,8914,9317,8699,8111,7944,6547,11049,8193,5598,ladu2023:Wiltshire,E06000054
291,8759,10952,10232,11499,10906,11280,12067,10840,12060,8780,11370,12323,7322,5502,6500,5845,5892,6385,8251,8134,8448,7799,7347,6852,5797,9854,6535,5061,"ladu2023:Bournemouth, Christchurch and Poole",E06000058
292,7349,9367,8903,9411,9219,9363,10308,8751,9720,7597,9708,9922,5582,4890,5971,5397,5511,5948,7622,7170,7657,7358,6817,6549,5580,9626,6202,4935,ladu2023:Dorset,E06000059
293,2621,3409,3095,2802,3534,3643,3922,3519,3979,2745,3560,3784,2316,1875,2619,2296,2385,2610,3316,3215,3435,3227,3080,3111,2490,4361,2835,2063,ladu2023:East Devon,E07000040
294,1763,2442,2547,2857,2845,2929,3018,2721,2833,2151,3038,2931,1721,1351,1832,1760,1799,1774,2202,2377,2397,2199,2012,1884,1507,2470,1779,1419,ladu2023:Exeter,E07000041
295,1158,1556,1473,1610,1822,1773,1855,1679,1860,1264,1803,1832,1116,1028,1183,1010,1142,1214,1339,1389,1427,1455,1450,1322,1121,1884,1143,867,ladu2023:Mid Devon,E07000042
296,1772,2236,2102,2251,2423,2268,2614,1749,1773,1489,2143,2326,1487,1107,1493,1316,1324,1422,1745,1708,1850,1901,1976,1910,1608,2729,1618,1180,ladu2023:North Devon,E07000043
297,1894,2272,2201,2434,2539,2168,2322,2021,2216,1756,1997,2217,1365,1145,1463,1234,1368,1397,1822,1702,1863,1815,1815,1665,1534,2672,1583,1241,ladu2023:South Hams,E07000044
298,2420,3318,3224,3350,3445,3294,3300,2911,3336,2268,3013,3075,1851,1510,2081,1904,1944,2343,2692,2610,2780,2739,2609,2418,1954,3441,2278,1788,ladu2023:Teignbridge,E07000045
299,1008,1354,1423,1648,1735,1656,1936,1397,1411,1179,1688,1906,1133,928,1132,1002,1106,1083,1496,1415,1514,1453,1340,1234,1076,1804,1088,856,ladu2023:Torridge,E07000046
300,891,1173,1118,1191,1230,1209,1280,1133,1268,914,1162,1366,957,753,965,756,816,784,1049,945,1049,968,933,907,803,1351,972,703,ladu2023:West Devon,E07000047
301,2234,2858,2815,3152,2987,3205,3020,2717,3544,2618,3353,3543,2017,1609,2007,1694,1761,1943,2557,2406,2701,2476,2336,2008,1760,2892,2005,1550,ladu2023:Cheltenham,E07000078
302,1631,1834,1851,1796,1848,1877,1812,1756,1917,1462,1891,1940,1184,1033,1308,1263,1277,1335,1734,1690,1898,1907,1756,1543,1260,2389,1410,1120,ladu2023:Cotswold,E07000079
303,1338,1658,1609,1651,1562,1537,1861,1596,1678,1291,1481,1630,1059,749,985,822,978,1031,1365,1342,1514,1349,1366,1237,1085,1960,1361,897,ladu2023:Forest of Dean,E07000080
304,2146,2779,3036,3004,2950,2922,3307,3085,3301,2531,3329,3548,2003,1493,2009,1766,1703,1903,2345,2342,2464,2356,2222,2168,1784,2531,1972,1594,ladu2023:Gloucester,E07000081
305,1799,2375,2250,2458,2545,2394,2594,2227,2510,1941,2523,2669,1753,1369,1663,1551,1540,1709,2316,2258,2191,1979,2030,2105,1696,2952,2008,1398,ladu2023:Stroud,E07000082
306,1542,1794,1841,2075,2089,1905,2098,1707,1940,1433,1990,2013,1202,1071,1327,1168,1114,1331,1675,1664,1941,1957,1947,1809,1476,2277,1679,1133,ladu2023:Tewkesbury,E07000083
307,9722,12171,11583,12823,12954,13117,13903,11840,13470,9786,13209,13385,8235,6137,8072,7384,7711,8026,10545,10218,11197,10703,10120,9465,7955,13387,9238,6791,ladu2023:Somerset,E06000066
308,860,1085,1043,1029,1300,1206,1478,1384,1322,971,1169,1356,797,630,712,733,696,818,1015,914,1052,1050,1065,1111,872,1379,1085,719,ladu2023:Isle of Anglesey,W06000001
309,1498,1866,1962,1899,2335,2340,2576,2353,2169,1732,1971,2176,1330,1125,1386,1267,1252,1268,1560,1602,1751,1725,1830,1844,1390,2060,1817,1374,ladu2023:Gwynedd,W06000002
310,1942,2268,2104,2215,2422,2530,3232,2835,3186,1999,2440,2772,1720,1212,1398,1344,1437,1467,2041,1824,2037,2268,2243,2092,1584,2458,2143,1484,ladu2023:Conwy,W06000003
311,1376,1631,1602,1637,2056,2014,2605,2342,2303,1560,1777,2216,1299,856,1055,981,1030,1077,1334,1328,1294,1398,1470,1443,1150,1844,1546,1132,ladu2023:Denbighshire,W06000004
312,2104,2659,2400,1699,2756,2875,3393,2998,3006,2067,2490,2880,1706,1000,1302,1354,1348,1771,2113,2307,2441,2397,2349,2452,1859,2918,2302,1586,ladu2023:Flintshire,W06000005
313,1417,1730,1699,1927,2252,2278,2516,2186,2444,1796,2514,2754,1551,1095,1248,1108,1215,1198,1545,1543,1650,1675,1709,1689,1311,2083,1788,1199,ladu2023:Wrexham,W06000006
314,722,897,856,1073,1037,1232,1345,1321,1258,876,1051,1087,772,543,747,707,656,694,872,827,872,977,1021,1032,755,1303,1074,654,ladu2023:Ceredigion,W06000008
315,1385,1626,1685,1871,2183,2251,2580,2375,2369,1795,2134,2209,1538,1141,1279,1249,1176,1395,1680,1772,1792,1916,2015,2058,1611,2538,2056,1426,ladu2023:Pembrokeshire,W06000009
316,1886,2256,2370,2179,2668,2830,3401,3388,3371,2552,3394,3496,2142,1451,1781,1777,1900,1978,2365,2445,2682,2992,2877,2800,2157,3475,2755,1946,ladu2023:Carmarthenshire,W06000010
317,3304,4072,3818,4054,4425,4444,5338,4963,4773,3409,4850,4929,3437,2456,2668,2492,2335,2606,3111,3034,3462,3377,3397,3224,2433,3726,3338,2416,ladu2023:Swansea,W06000011
318,1785,1969,1936,2099,2376,2346,2804,2876,2782,2125,2712,2786,1712,1035,1365,1399,1278,1405,1734,1830,1832,1943,1980,1942,1433,2244,1938,1567,ladu2023:Neath Port Talbot,W06000012
319,1532,1794,1719,1880,2332,2916,3199,3323,3030,2004,2698,3145,1966,1191,1556,1485,1487,1672,2164,2228,2354,2251,2409,2429,1874,2567,2288,1655,ladu2023:Bridgend,W06000013
320,1901,2535,2337,2804,2884,3028,3748,3197,3335,2103,2890,2938,1670,1061,1454,1396,1443,1621,2135,2088,2571,2429,2442,2404,1933,2884,2175,1475,ladu2023:Vale of Glamorgan,W06000014
321,4854,6296,5736,5504,6568,7249,8845,7987,8472,6213,7287,8263,5051,3796,4309,3942,4062,4257,5710,5264,5627,5409,5536,5520,3913,5643,5092,3834,ladu2023:Cardiff,W06000015
322,2662,3465,3405,3185,4009,3961,5099,5427,5576,4334,3936,4565,3164,1730,2337,2372,2322,2589,3127,3392,3522,3538,3440,3514,2592,4031,3641,2591,ladu2023:Rhondda Cynon Taf,W06000016
323,2041,2685,2741,2974,3297,3301,3458,3285,3132,2394,3109,3444,2180,1289,1576,1593,1628,1806,2257,2101,2255,2516,2400,2391,1847,2775,2494,1736,ladu2023:Caerphilly,W06000018
324,680,761,727,842,874,858,1117,1197,1251,956,1085,1157,724,431,481,553,559,599,689,701,786,831,903,924,700,1081,1037,665,ladu2023:Blaenau Gwent,W06000019
325,1078,1227,1174,1332,1461,1438,1612,1511,1482,1079,1488,1695,1100,678,776,744,779,905,1091,985,1103,1324,1438,1464,1060,1520,1392,928,ladu2023:Torfaen,W06000020
326,1381,1724,1526,1716,2038,1867,2038,1696,2082,1433,1543,1739,1047,763,1077,1108,1056,1260,1413,1399,1584,1557,1482,1307,1054,1936,1556,1030,ladu2023:Monmouthshire,W06000021
327,2108,2543,2143,2246,2856,2935,3464,3003,3101,2396,2938,2757,1782,1209,1300,1233,1342,1496,2016,2178,2761,3021,2869,2503,1798,2634,2440,1763,ladu2023:Newport,W06000022
328,1328,1684,1631,1627,2048,2094,2101,2179,2341,1734,2066,2279,1522,1079,1410,1140,1167,1334,1650,1635,1743,1827,1880,1802,1383,2394,1831,1284,ladu2023:Powys,W06000023
329,604,663,762,727,762,779,1000,1016,1061,840,977,1006,705,470,509,476,456,520,683,706,786,745,682,725,577,818,781,527,ladu2023:Merthyr Tydfil,W06000024
